Invoice date,Total Paid Amount
1/9/2017,241423
2/9/2017,172370
4/9/2017,229305
5/9/2017,105092
6/9/2017,140436
8/9/2017,135770
12/9/2017,144376
14/9/2017,102137
16/9/2017,185276
18/9/2017,114975
20/9/2017,122247
23/9/2017,123620
25/9/2017,117412
27/9/2017,176833
29/9/2017,127690
30/9/2017,202564
14/10/2017,115322
19/10/2017,105682
19/12/2017,124337
25/1/2018,132923
27/1/2018,361345
31/1/2018,113782
1/2/2018,156350
6/2/2018,133861
9/2/2018,106424
20/2/2018,111844
24/2/2018,129260
5/3/2018,102577
7/4/2018,127845
9/4/2018,177740
24/4/2018,111850
8/5/2018,101998
9/5/2018,129022
16/5/2018,108350
21/5/2018,103570
29/5/2018,144594
30/5/2018,119735
1/6/2018,121680
2/6/2018,126825
9/6/2018,140520
23/6/2018,109155
27/6/2018,109165
28/6/2018,135999
3/7/2018,100756
16/8/2018,101700
17/8/2018,136159
25/8/2018,111585
29/8/2018,119238
31/8/2018,114421
5/9/2018,175482
13/9/2018,137830
15/9/2018,101109
27/9/2018,166276
28/9/2018,147386
6/10/2018,141276
8/10/2018,228331
10/10/2018,114342
12/10/2018,113231
24/10/2018,112241
1/11/2018,132790
6/11/2018,114893
20/11/2018,114231
24/11/2018,144775
3/12/2018,135675
4/12/2018,101951
15/12/2018,109488
19/12/2018,153066
21/12/2018,213833
27/12/2018,178242
28/12/2018,245580
8/1/2019,137780
11/1/2019,186460
12/1/2019,126960
15/1/2019,120296
16/1/2019,108730
18/1/2019,162736
22/1/2019,121750
25/1/2019,104323
19/2/2019,165974
21/2/2019,111894
22/2/2019,118235
27/2/2019,138320
1/3/2019,116124
2/3/2019,147885
9/3/2019,137760
20/3/2019,143245
22/3/2019,117071
28/3/2019,158440
29/3/2019,142880
9/4/2019,101755
10/4/2019,129773
26/4/2019,168262
27/4/2019,124816
6/5/2019,136196
9/5/2019,124643
21/5/2019,129829
30/5/2019,111687
4/6/2019,134581
24/6/2019,105290
25/6/2019,217354
9/7/2019,122825
18/7/2019,125800
20/7/2019,211530
26/7/2019,124818
27/7/2019,124015
2/8/2019,175911
20/8/2019,143870
22/8/2019,138373
29/8/2019,123455
2/9/2019,117580
6/9/2019,126630
12/9/2019,113410
13/9/2019,182170
18/9/2019,120311
19/9/2019,115035
21/9/2019,133622
23/9/2019,108425
24/9/2019,215213
22/10/2019,102570
23/10/2019,185125
30/10/2019,142695
31/10/2019,114610
1/11/2019,158640
8/11/2019,108650
22/11/2019,122309
28/11/2019,172253
5/12/2019,102265
6/12/2019,170118
7/12/2019,107039
19/12/2019,162928
20/12/2019,171840
30/12/2019,128875
9/1/2020,108092
16/1/2020,106470
20/1/2020,166911
31/1/2020,131248
10/2/2020,114064
18/2/2020,175094
21/2/2020,103850
22/2/2020,130177
28/2/2020,121282
29/2/2020,110676
6/3/2020,172900
16/3/2020,126585
19/3/2020,102655
26/3/2020,112134
31/3/2020,121486
9/4/2020,187441
28/4/2020,176421
8/5/2020,118315
14/5/2020,172705
16/5/2020,174505
19/5/2020,102614
23/5/2020,108171
26/5/2020,113082
27/5/2020,162348
30/5/2020,170030
3/6/2020,120320
10/6/2020,199610
13/6/2020,111780
24/6/2020,198735
26/6/2020,158596
27/6/2020,104254
29/6/2020,104150
30/6/2020,152526
2/7/2020,130931
3/7/2020,133266
6/7/2020,108590
10/7/2020,116823
14/7/2020,139340
7/8/2020,106785
29/8/2020,132516
8/9/2020,125940
10/9/2020,165968
11/9/2020,130400
12/9/2020,172653
16/9/2020,124958
17/9/2020,217968
19/9/2020,162425
22/9/2020,107873
23/9/2020,205070
24/9/2020,140928
25/9/2020,107096
26/9/2020,176012
30/9/2020,169626
5/10/2020,175170
9/10/2020,121900
10/10/2020,127445
15/10/2020,150275
21/10/2020,149272
29/10/2020,110890
2/11/2020,101355
7/11/2020,123460
10/11/2020,123370
12/11/2020,165645
18/11/2020,145800
27/11/2020,106390
28/11/2020,122510
5/12/2020,150519
7/12/2020,104620
8/12/2020,157915
9/12/2020,104090
28/12/2020,129981
31/12/2020,145780
2/1/2021,100391
9/1/2021,154925
29/1/2021,135195
30/1/2021,110810
16/2/2021,102560
26/2/2021,103595
1/3/2021,132990
2/3/2021,112625
4/3/2021,151753
12/3/2021,108714
13/3/2021,106120
16/3/2021,114565
19/3/2021,150630
23/3/2021,131033
24/3/2021,114763
25/3/2021,239987
26/3/2021,139937
27/3/2021,199663
30/3/2021,105082
31/3/2021,284543
1/4/2021,177550
8/4/2021,107563
9/4/2021,108310
10/4/2021,137480
14/4/2021,168009
16/4/2021,104655
17/4/2021,124962
22/4/2021,251478
23/4/2021,177924
24/4/2021,150531
28/4/2021,273683
29/4/2021,163392
30/4/2021,184338
6/5/2021,143868
7/5/2021,115730
12/5/2021,182521
20/5/2021,133594
27/5/2021,111120
28/5/2021,144184
3/6/2021,124912
8/6/2021,104585
22/6/2021,185846
29/6/2021,128362
6/7/2021,124054
16/7/2021,112096
17/7/2021,109620
19/7/2021,120620
4/8/2021,108276
26/8/2021,106251
1/9/2021,152155
6/9/2021,134628
8/9/2021,125201
9/9/2021,122645
10/9/2021,147086
11/9/2021,129998
24/9/2021,158618
29/9/2021,104199
30/9/2021,139820
5/10/2021,101270
15/10/2021,110050
16/10/2021,124576
19/10/2021,144640
22/10/2021,158241
2/11/2021,108083
6/11/2021,108000
11/11/2021,147413
12/11/2021,108165
13/11/2021,128398
18/11/2021,158646
6/12/2021,113165
7/12/2021,108860
8/12/2021,147670
14/12/2021,109800
16/12/2021,109070
17/12/2021,215150
20/12/2021,114089
22/12/2021,111540
24/12/2021,112510
28/12/2021,133411
29/12/2021,117830
11/1/2022,132005
25/3/2022,104331
30/4/2022,111249
6/5/2022,140132
7/5/2022,124645
13/5/2022,122620
14/5/2022,114911
18/5/2022,140445
19/5/2022,113140
21/5/2022,160950
23/5/2022,101010
4/6/2022,117170
7/6/2022,107042
8/6/2022,127140
22/6/2022,110710
23/6/2022,156100
25/6/2022,103840
29/6/2022,128850
7/7/2022,117650
18/7/2022,109550
19/7/2022,119890
27/7/2022,119655
2/8/2022,143835
3/8/2022,258908
5/8/2022,170890
6/8/2022,124220
8/8/2022,115355
12/8/2022,149626
13/8/2022,330749
17/8/2022,225609
18/8/2022,226969
19/8/2022,158820
20/8/2022,149723
23/8/2022,236170
24/8/2022,126020
25/8/2022,206472
26/8/2022,262804
27/8/2022,121220
31/8/2022,360582
30/9/2022,138514
12/10/2022,153927
28/10/2022,127500
29/10/2022,111045
15/11/2022,129467
25/11/2022,100845
14/12/2022,284980
15/12/2022,176680
16/12/2022,181835
21/12/2022,118529
29/12/2022,130740
31/12/2022,103480
4/1/2023,139910
11/1/2023,136231
6/2/2023,112080
16/3/2023,101910
18/3/2023,112650
28/3/2023,152520
17/4/2023,102050
24/4/2023,122811
29/4/2023,105760
24/5/2023,109150
31/5/2023,106140
5/6/2023,103190
12/6/2023,123250
23/6/2023,103579
24/6/2023,119590
27/6/2023,163833
4/7/2023,135025
8/7/2023,111469
13/7/2023,163091
22/7/2023,126750
26/8/2023,123075
29/8/2023,122940
30/8/2023,125430
5/9/2023,222034
6/9/2023,157620
7/9/2023,158612
28/9/2023,183286
29/9/2023,161612
3/10/2023,109442
5/10/2023,114163
13/10/2023,103925
21/10/2023,110170
24/10/2023,103350
2/12/2023,155608
12/12/2023,135168
15/12/2023,164830
21/12/2023,111345
27/12/2023,110630
2/1/2024,105410
10/1/2024,124220
16/1/2024,137900
20/1/2024,106590
27/1/2024,100150
17/2/2024,104440
20/2/2024,108205
22/2/2024,147700
27/2/2024,107200
21/3/2024,137699
28/3/2024,113100
3/4/2024,126900
10/4/2024,141030
16/4/2024,193010
27/4/2024,131720
29/4/2024,160380
24/5/2024,103770
1/6/2024,113260
7/6/2024,124310
20/6/2024,139250
24/6/2024,100250
5/7/2024,118530
6/7/2024,175160
13/7/2024,139040
23/7/2024,101380
10/8/2024,113560
17/8/2024,108052
